Entity,Code,Year,CO₂ from gas (tonnes),CO₂ from solid fuel (tonnes),CO₂ from liquid (tonnes),CO₂ from cement (tonnes),CO₂ from flaring (tonnes)
Africa,,1884,0,22020,0,0,0
Africa,,1885,0,36700,0,0,0
Africa,,1886,0,47710,0,0,0
Africa,,1887,0,47710,0,0,0
Africa,,1888,0,80740,0,0,0
Africa,,1889,0,132120,0,0,0
Africa,,1890,0,297270,0,0,0
Africa,,1891,0,297270,0,0,0
Africa,,1892,0,480770,0,0,0
Africa,,1893,0,1801970,0,0,0
Africa,,1894,0,2436880,0,0,0
Africa,,1895,0,3343370,0,0,0
Africa,,1896,0,4264540,0,0,0
Africa,,1897,0,4785680,0,0,0
Africa,,1898,0,6059170,0,0,0
Africa,,1899,0,5527020,0,0,0
Africa,,1900,0,2334120,0,0,0
Africa,,1901,0,3915890,0,0,0
Africa,,1902,0,5835300,0,0,0
Africa,,1903,0,7908850,0,0,0
Africa,,1904,0,8925440,0,0,0
Africa,,1905,0,10279670,0,0,0
Africa,,1906,0,11736660,0,0,0
Africa,,1907,0,12951430,0,0,0
Africa,,1908,0,13424860,0,0,0
Africa,,1909,0,15410330,0,0,0
Africa,,1910,0,17439840,0,0,0
Africa,,1911,0,16882000,11010,0,0
Africa,,1912,0,17898590,84410,0,0
Africa,,1913,0,19597800,40370,0,0
Africa,,1914,0,19274840,308280,0,0
Africa,,1915,0,19546420,91750,0,0
Africa,,1916,0,23109990,183500,0,0
Africa,,1917,0,24959670,425720,0,0
Africa,,1918,0,23895370,869790,0,0
Africa,,1919,0,24794520,693630,0,0
Africa,,1920,0,27638770,458750,0,0
Africa,,1921,0,27469950,561510,0,0
Africa,,1922,0,23476990,535820,0,0
Africa,,1923,0,28618660,473430,0,0
Africa,,1924,0,30178410,506460,0,0
Africa,,1925,0,31675770,561510,0,0
Africa,,1926,0,33958510,535820,0,0
Africa,,1927,0,33323600,572520,0,0
Africa,,1928,0,33870430,825750,128450.00000000001,0
Africa,,1929,0,34648470,847770,370670,0
Africa,,1930,0,32607950.000000004,884470,264240,0
Africa,,1931,0,28350750,891810,264240,0
Africa,,1932,0,25396400,836760,436730,0
Africa,,1933,0,27337830,737670,469760,0
Africa,,1934,0,31371160,682620,539490,0
Africa,,1935,0,34802610,557840,616560,0
Africa,,1936,0,37826690,561510,697300,0
Africa,,1937,0,40645250,535820,734000,0
Africa,,1938,0,42623380,704640,756020,0
Africa,,1939,110100,44032660,2062539.9999999998,741340,0
Africa,,1940,91750,46109880,2869940,656930,0
Africa,,1941,99090,49522980,3769090,726660,0
Africa,,1942,106430,54389400,3647980,778040,0
Africa,,1943,117440,55325250,3963600,814740,0
Africa,,1944,132120,61476170,4172790,979890,0
Africa,,1945,135790,62404680,4158109.9999999995,946860,0
Africa,,1946,135790,63046930,3948920,1156050,0
Africa,,1947,135790,62525790,4110400.0000000005,1295510,0
Africa,,1948,139460,64467220,5820620,1438640,0
Africa,,1949,139460,68684050,7083100,1567090,0
Africa,,1950,3670,69117110,23932070,2062539.9999999998,0
Africa,,1951,3670,72886200,26163430,2315770,0
Africa,,1952,7340,79539910,28673710,2389170,0
Africa,,1953,14680,79209610,30365580,2690110,0
Africa,,1954,22020,81936420,32773100,3108490,0
Africa,,1955,22020,91849090,34362210,3504850,0
Africa,,1956,29360,95779660,36057750,3622290,0
Africa,,1957,22020,99497370,38692810,3791110,0
Africa,,1958,18350,103332520,41639820,4025990,0
Africa,,1959,36700,101871860,42054530,4227840,0
Africa,,1960,47710,103721540,48737600,4440700,0
Africa,,1961,499120,105193210,52359890,4341610,0
Africa,,1962,741340,106844710,54631620,4503090,0
Africa,,1963,719320,109366000,60690790,4844400,1148710
Africa,,1964,1453320,115788500,69619900,5369210,1879040
Africa,,1965,2124930,125099290,76258930,5747220,4954500
Africa,,1966,2363480,124042330,84164110,5952740,5200390
Africa,,1967,2323110,127312300,81253800,6150920,20794220
Africa,,1968,2367150,132721880,86178940,7112460,29719660
Africa,,1969,2895630,135411990,93992370,8187770,38388200
Africa,,1970,818410,140326120,98664280,8892410,55027980
Africa,,1971,1695540,150158050,115590320,9593380,56066590
Africa,,1972,4422350,154176700,119682370,10169570,64760819.99999999
Africa,,1973,5369210,154543700,128644510,10778790,80134450
Africa,,1974,5119650,157498050,134560550,11252220,81499690
Africa,,1975,6433510,162456220,144219990,11087070,64415840
Africa,,1976,8899750,172185390,151310430,11413700,77925110
Africa,,1977,13545970,176982080,160268900,12239450,71671430
Africa,,1978,34490660,178971220,166151910,12988130,71821900
Africa,,1979,19689550,197684550,182083380,13986370,87863470
Africa,,1980,34688840,212746230,198869960,15913120,76372700
Africa,,1981,29448080,237727920,214496820,17300380,52624130
Africa,,1982,24023820,250638980,236788400,18482120,45023560
Africa,,1983,30479350,261370060.00000003,244469710,20133620,41346220
Africa,,1984,47647610,286527910,252059270,20919000,45636450
Africa,,1985,48928440,295178100,253028150,20812570,51486430
Africa,,1986,58452090,306287190,255637520,19950120,53104900
Africa,,1987,67983080,313032650,246051480,21726400,44935480
Africa,,1988,69065730,323246260,264041819.99999997,23590760,49313790
Africa,,1989,71520960,313994190,270222100,24633040,22082390
Africa,,1990,76082770,295515740,249754510,25000040,20999740
Africa,,1991,78600390,306529410,263028900.00000003,26805680,21003410
Africa,,1992,74497330,288087660,284035980,27502980,23557730
Africa,,1993,82057530,318420210,276552850,27308470,21994310
Africa,,1994,85933050,330465150,265399720,28761790,22001650
Africa,,1995,101923240,346708570,272053430,30754600,24299070
Africa,,1996,108397120,352753060,282156940,31521630,23994460
Africa,,1997,95614510,359792120,296891990,32574920,23601770
Africa,,1998,113527780,354408230,317873380,33367640,23165040
Africa,,1999,115241670,365469610,298719650,34376890,23792610
Africa,,2000,116140820,369286410,317117360,36178860,55523430
Africa,,2001,120911820,371025990,295218470,38336820,58140140
Africa,,2002,139026940,360118750,289049200,40696630,67920690
Africa,,2003,140546320,389963190,327224540,41023260,62914810
Africa,,2004,149721320,416526650,350044600,45221740,73506430
Africa,,2005,181349380,413186950,336362840,49489950,73363300
Africa,,2006,179837340,419547060,369800210,55218820,71755840
Africa,,2007,194763230,430799280,380549640,60551330,75047830
Africa,,2008,196715670,455098350,407946190,65527850,70673190
Africa,,2009,194656800,446407790,438752170,70438310,59384270
Africa,,2010,202095890,443457110,433111380,71553990,62958850
Africa,,2011,222769000,436436400,437364910,72067790,55439020
Africa,,2012,234127650,435973980,455509390,82208000,57094190
Africa,,2013,228545580,426754940,477478010,81815310,53989370
Asia,,1858,0,436730,0,0,0
Asia,,1859,0,704640,0,0,0
Asia,,1860,0,711980,0,0,0
Asia,,1861,0,550500,0,0,0
Asia,,1862,0,609220,0,0,0
Asia,,1863,0,675280,0,0,0
Asia,,1864,0,638580,0,0,0
Asia,,1865,0,627570,0,0,0
Asia,,1866,0,708310,0,0,0
Asia,,1867,0,1956110,0,0,0
Asia,,1868,0,1783620,73400,0,0
Asia,,1869,0,1967120,110100,0,0
Asia,,1870,0,1923080,99090,0,0
Asia,,1871,0,2179980,227540,0,0
Asia,,1872,0,2535970,150470,0,0
Asia,,1873,0,2693780,297270,0,0
Asia,,1874,0,2495600,205520,0,0
Asia,,1875,0,2675430,355990,0,0
Asia,,1876,0,3016740,344980,0,0
Asia,,1877,0,3295660,436730,0,0
Asia,,1878,0,3754410,634910,0,0
Asia,,1879,0,4202150,656930,0,0
Asia,,1880,0,4528780,719320,0,0
Asia,,1881,0,5339850,822080,0,0
Asia,,1882,0,5794930,1313860,0,0
Asia,,1883,0,6044490,932180,0,0
Asia,,1884,0,7450100,1299180,0,0
Asia,,1885,0,8286860.000000001,1390930,0,0
Asia,,1886,0,8940120,1849680,0,0
Asia,,1887,0,10220950,1959780,0,0
Asia,,1888,0,11347640,1816650,0,0
Asia,,1889,0,13017490,1948770,0,0
Asia,,1890,0,14059770,3332360,0,0
Asia,,1891,0,15626860,2624050,0,0
Asia,,1892,0,17693070,4297570,0,0
Asia,,1893,0,19601470,5016890,0,0
Asia,,1894,0,20427220,5604090,0,0
Asia,,1895,0,38134970,5989440,0,0
Asia,,1896,0,40733330,6598660,0,0
Asia,,1897,0,49967050,7039060,0,0
Asia,,1898,0,46799840,8162080,0,0
Asia,,1899,0,45673150,7193200,0,0
Asia,,1900,0,55886760,7776730,0,0
Asia,,1901,0,41658170,7167510,0,0
Asia,,1902,0,45746550,7710670,0,0
Asia,,1903,0,51104750,7556530,0,0
Asia,,1904,0,53559980,7919860,0,0
Asia,,1905,0,56778570,8543760,0,0
Asia,,1906,0,61145870,8510730,0,0
Asia,,1907,0,67557360,8429990,0,0
Asia,,1908,0,75693750,8969480,0,0
Asia,,1909,0,70027270,9409880,0,0
Asia,,1910,143130,71840250,9931020,0,0
Asia,,1911,150470,73132090,10459500,0,0
Asia,,1912,333970,80740000,11692620,0,0
Asia,,1913,422050,88182760,11938510,0,0
Asia,,1914,656930,86542270,12338540,0,0
Asia,,1915,554170,83466810,12243120,0,0
Asia,,1916,532150,90586610,13703780,0,0
Asia,,1917,715650,93093220,15626860,444070,0
Asia,,1918,932180,96917360,18860130,579860,0
Asia,,1919,803730,99614810,18313300,579860,0
Asia,,1920,1258810,95104380,17359100,631240,0
Asia,,1921,1317530,88924100,17450850,601880,0
Asia,,1922,1647830,91705960,18551850,609220,0
Asia,,1923,1798300,103405920,19876720,686290,0
Asia,,1924,1787290,114441610,20493280,836760,0
Asia,,1925,1721230,122622040,22280570,1236790,0
Asia,,1926,1919410,124534110,25451450,1321200,0
Asia,,1927,2069880,126501230,26695580,322960,0
Asia,,1928,2334120,139269160,30857360,609220,0
Asia,,1929,2462570,162533290,30750930,524810,0
Asia,,1930,220200,182960510,29822420,2202000,0
Asia,,1931,161480,177605980,15414000,2095570,0
Asia,,1932,99090,155134570,23432950,2088229.9999999998,0
Asia,,1933,113770,154110640,13362470,1757930,0
Asia,,1934,69730,110261480,5736210,1196420,0
Asia,,1935,128450.00000000001,92546390,2950680,1211100,0
Asia,,1936,143130,97486210,9923680,1255140,0
Asia,,1937,818410,92234440,14870840,1368910,0
Asia,,1938,2348800,131859430,31176650,1926750,0
Asia,,1939,1541400,151772850,28519570,2444220,0
Asia,,1940,1838670,178549170,32490510,3339700,0
Asia,,1941,2396510,211087390,37966150,4352620,0
Asia,,1942,2961690,217194270,41258140,5200390,0
Asia,,1943,3402090,247313960,49768870,6128900,0
Asia,,1944,4103060,283129490,63924060,6161930,0
Asia,,1945,4668240,309340630,70005250,7453770,0
Asia,,1946,5152680,359300340,70012590,8418980,0
Asia,,1947,5237090,634531990,78526990,10573270,0
Asia,,1948,5982100,834135950,88604810,12988130,0
Asia,,1949,8198779.999999999,904794460,93357460,14540540,0
Asia,,1950,9512640,690139830,103042590,12573420,0
Asia,,1951,9633750,598279730,108558600,13362470,44040
Asia,,1952,9905330,605340810,118684130,15094710,135790
Asia,,1953,10562260,601832290,130927249.99999999,16258099.999999998,477100
Asia,,1954,12536720,653920600,147522990,17700410,752350
Asia,,1955,13670750,696595360,174658970,18794070,833090
Asia,,1956,15135080,617565580,191577670,18694980,1456990
Asia,,1957,16448940,655087660,230666840,21025430,1372580
Asia,,1958,17586640,747061530,272728710,23432950,1262480
Asia,,1959,15946150,923247220,338388680,24728460,14507510
Asia,,1960,19069320,1030069909.9999999,380813880,33664910,15498410
Asia,,1961,22445720,1051792639.9999999,418813060,34850320,19025280
Asia,,1962,27462610,1081552670,464717420,37922110,20452910
Asia,,1963,32795119.999999996,1088268770,482748130,38347830,21414450
Asia,,1964,38175340,1246779740,520934480,43805120,20280420
Asia,,1965,42638060,1263320430,591126900,57574960,22049360
Asia,,1966,49768870,1370587190,641985760,63711200,30684870
Asia,,1967,55776660,1480397260,711132230,70753930,35492570
Asia,,1968,57846540,1531806620,738664570,76402060,35276040
Asia,,1969,63153360,1536944620,739743550,80952860,25972590
Asia,,1970,62584510,1558615970,722039470,85999110,23410930
Asia,,1971,67586720,1697965870,730040070,93775840,22702620
Asia,,1972,69887810,1815409540,762923270,106235490,22728310
Asia,,1973,86182610,1977473070,762240650,114199390,22295250
Asia,,1974,95541110,2169960900,791692400,127029710,16911360
Asia,,1975,100209350,2285536540,831324730,143559390,16445270
Asia,,1976,114368210,2447890000,865976870,157087010,18001350
Asia,,1977,122867930,2639368580,947795850,176993090,21139200
Asia,,1978,133349449.99999999,2702485240,1014725640,184645040,22974200
Asia,,1979,160268900,2802338600,1049484210.0000001,193016310,22141110
Asia,,1980,175649870,2931045500,1130220540,218970550,23429280
Asia,,1981,197211120,3016952860,1235835800,256022870,19759280
Asia,,1982,222405670,3186756420,1321350470,295321230,22555820
Asia,,1983,244803680,3372091420,1372961680,329510950,19946450
Asia,,1984,286252660,3589593970,1476261170,366273340,19359250
Asia,,1985,312364710,3738702400,1606586540,387041870,19810660
Asia,,1986,337060140,3726896010,1711926550,398488600,19634500
Asia,,1987,314863980,3420073000,1602611930,391500920,20687790
Asia,,1988,361762910,3420641850,1678114840,415700900,13498260
Asia,,1989,359043440,3520418140,1810634870,436062060,15076360
Asia,,1990,396884810,3611955280,1802920530,478854260,20511630
Asia,,1991,431507590,3787142730,1830511590,526769779.99999994,18584880
Asia,,1992,458405020,4559692410,1895661430,606195920,16823280
Asia,,1993,494903170,5233276870,2055739490,663690140,14261620
Asia,,1994,521029900,5733178580,2050788660.0000002,725261730,23579750
Asia,,1995,559924560,6298604470,2092997330.0000002,820534930,20192340
Asia,,1996,602650700,6681194630,2169927870,891061320,18217880
Asia,,1997,654155480,7160327810,2255875600,923614220,20133620
Asia,,1998,710350520,7537864380,2349152320,1060343740,22475080
Asia,,1999,800449020,8555188380,2407347510,1163999220,31286750
Asia,,2000,857836810,9566034830,2448323060,1323490080,28780140
Asia,,2001,894067050,9878964720,2565326330,1394574310,20955700
Asia,,2002,952849440,9785361370,2637966640,1508608550,21084150
Europe,,1751,0,9365840,0,0,0
Europe,,1752,0,9369510,0,0,0
Europe,,1753,0,9369510,0,0,0
Europe,,1754,0,9373180,0,0,0
Europe,,1755,0,9376850,0,0,0
Europe,,1756,0,10022770,0,0,0
Europe,,1757,0,10026440,0,0,0
Europe,,1758,0,10030110,0,0,0
Europe,,1759,0,10033780,0,0,0
Europe,,1760,0,10033780,0,0,0
Europe,,1761,0,10991650,0,0,0
Europe,,1762,0,10995320,0,0,0
Europe,,1763,0,10998990,0,0,0
Europe,,1764,0,11002660,0,0,0
Europe,,1765,0,11006330,0,0,0
Europe,,1766,0,12279820,0,0,0
Europe,,1767,0,12283490,0,0,0
Europe,,1768,0,12287160,0,0,0
Europe,,1769,0,12290830,0,0,0
Europe,,1770,0,12294500,0,0,0
Europe,,1771,0,13634050,0,0,0
Europe,,1772,0,13637720,0,0,0
Europe,,1773,0,13641390,0,0,0
Europe,,1774,0,13645060,0,0,0
Europe,,1775,0,13648730,0,0,0
Europe,,1776,0,15061680,0,0,0
Europe,,1777,0,15065350,0,0,0
Europe,,1778,0,15069020,0,0,0
Europe,,1779,0,15072690,0,0,0
Europe,,1780,0,15080030,0,0,0
Europe,,1781,0,16870990,0,0,0
Europe,,1782,0,16874660,0,0,0
Europe,,1783,0,16882000,0,0,0
Europe,,1784,0,16885670,0,0,0
Europe,,1785,0,16893010,0,0,0
Europe,,1786,0,19179420,0,0,0
Europe,,1787,0,19186760,0,0,0
Europe,,1788,0,19190430,0,0,0
Europe,,1789,0,19197770,0,0,0
Europe,,1790,0,19205110,0,0,0
Europe,,1791,0,21451150,0,0,0
Europe,,1792,0,21928250,0,0,0
Europe,,1793,0,21946600,0,0,0
Europe,,1794,0,21913570,0,0,0
Europe,,1795,0,21924580,0,0,0
Europe,,1796,0,22985210,0,0,0
Europe,,1797,0,24130250,0,0,0
Europe,,1798,0,25132160,0,0,0
Europe,,1799,0,26468040,0,0,0
Europe,,1800,0,27880990,0,0,0
Europe,,1801,0,27734190,0,0,0
Europe,,1802,0,36549530,0,0,0
Europe,,1803,0,31239040,0,0,0
Europe,,1804,0,34028240,0,0,0
Europe,,1805,0,33129089.999999996,0,0,0
Europe,,1806,0,34765910,0,0,0
Europe,,1807,0,36553200,0,0,0
Europe,,1808,0,34725540,0,0,0
Europe,,1809,0,34740220,0,0,0
Europe,,1810,0,37019290,0,0,0
Europe,,1811,0,39195600,0,0,0
Europe,,1812,0,40586530,0,0,0
Europe,,1813,0,40762690,0,0,0
Europe,,1814,0,41632480,0,0,0
Europe,,1815,0,42953680,0,0,0
Europe,,1816,0,47075090,0,0,0
Europe,,1817,0,48788980,0,0,0
Europe,,1818,0,48939450,0,0,0
Europe,,1819,0,49262410,0,0,0
Europe,,1820,0,49974390,0,0,0
Europe,,1821,0,50686370,0,0,0
Europe,,1822,0,52682850,0,0,0
Europe,,1823,0,55736290,0,0,0
Europe,,1824,0,57600650,0,0,0
Europe,,1825,0,59714570,0,0,0
Europe,,1826,0,60199010,0,0,0
Europe,,1827,0,64569980,0,0,0
Europe,,1828,0,65146170,0,0,0
Europe,,1829,0,64702100,0,0,0
Europe,,1830,0,87173510,0,0,0
Europe,,1831,0,82395170,0,0,0
Europe,,1832,0,82219010,0,0,0
Europe,,1833,0,83411760,0,0,0
Europe,,1834,0,85239420,0,0,0
Europe,,1835,0,86267020,0,0,0
Europe,,1836,0,100205680,0,0,0
Europe,,1837,0,99545080,0,0,0
Europe,,1838,0,103178380,0,0,0
Europe,,1839,0,106264850,0,0,0
Europe,,1840,0,113237850,0,0,0
Europe,,1841,0,116592230,0,0,0
Europe,,1842,0,122783520,0,0,0
Europe,,1843,0,125290130,0,0,0
Europe,,1844,0,132329190.00000001,0,0,0
Europe,,1845,0,144238340,0,0,0
Europe,,1846,0,145295300,0,0,0
Europe,,1847,0,157556770,0,0,0
Europe,,1848,0,157248490,0,0,0
Europe,,1849,0,165513330,0,0,0
Europe,,1850,0,177334400,0,0,0
Europe,,1851,0,174387390,0,0,0
Europe,,1852,0,180971370,0,0,0
Europe,,1853,0,187250740,0,0,0
Europe,,1854,0,222218500,0,0,0
Europe,,1855,0,222181800,36700,0,0
Europe,,1856,0,237423310,40370,0,0
Europe,,1857,0,238957370,51380,0,0
Europe,,1858,0,242197980,62390,0,0
Europe,,1859,0,255409980,55050,0,0
Europe,,1860,0,282035830,62390,0,0
Europe,,1861,0,300132600,69730,0,0
Europe,,1862,0,304011790,132120,0,0
Europe,,1863,0,319568920,179830,0,0
Europe,,1864,0,344389130,190840,0,0
Europe,,1865,0,368357900,231210,0,0
Europe,,1866,0,380230350,381680,0,0
Europe,,1867,0,397813320,499120,0,0
Europe,,1868,0,401351200,656930,0,0
Europe,,1869,0,419972780,737670,0,0
Europe,,1870,0,425257580,917500,0,0
Europe,,1871,0,453013790,1086320,0,0
Europe,,1872,0,488781610,1089990,0,0
Europe,,1873,0,513462360,1548740,0,0
Europe,,1874,0,475037460,1691870,0,0
Europe,,1875,0,523668630,2088229.9999999998,0,0
Europe,,1876,0,528953430,2620380,0,0
Europe,,1877,0,526865199.99999994,3189230,0,0
Europe,,1878,0,532091280,3358050,0,0
Europe,,1879,0,548000730,3912220,0,0
Europe,,1880,0,618024330,4099389.9999999995,0,0
Europe,,1881,0,632583220,5527020,0,0
Europe,,1882,0,654104100,5875670,0,0
Europe,,1883,0,690928880,6404150,0,0
Europe,,1884,0,683827430,8040970,0,0
Europe,,1885,0,683732010,9754860,0,0
Europe,,1886,0,681764890,9663110,0,0
Europe,,1887,0,706108000,11417370,0,0
Europe,,1888,0,747259710,12518370,0,0
Europe,,1889,0,782179760,12958770,0,0
Europe,,1890,0,816453890,14812120,0,0
Europe,,1891,0,843263240,17516910,0,0
Europe,,1892,0,828443780,18368350,0,0
Europe,,1893,0,801483960,20907990,0,0
Europe,,1894,0,874498610,19924430,0,0
Europe,,1895,0,893432140,25132160,0,0
Europe,,1896,0,935677510,25590910,0,0
Europe,,1897,0,981108440,28178260,0,0
Europe,,1898,0,1010923520,31506950,0,0
Europe,,1899,0,1079493800,33378650,0,0
Europe,,1900,0,1132763850,37562450,0,0
Europe,,1901,0,1116927800,41217770,0,0
Europe,,1902,3670,1117448940,40307610,0,0
Europe,,1903,3670,1167537100,38267090,0,0
Europe,,1904,3670,1189340570,40186500,0,0
Europe,,1905,3670,1231171230,32952930.000000004,0,0
Europe,,1906,11010,1268106110,36399060,0,0
Europe,,1907,11010,1408832260,39738760,0,0
Europe,,1908,11010,1429549410,41929750,0,0
Europe,,1909,14680,1428653930,45016220,0,0
Europe,,1910,14680,1448941690,45005210,0,0
Europe,,1911,14680,1485465530,44054680,0,0
Europe,,1912,11010,1540335700,44641880,0,0
Europe,,1913,55050,1672892430,45845640,0,0
Europe,,1914,40370,1485792160,44190470,0,0
Europe,,1915,47710,1403705270,44649220,0,0
Europe,,1916,150470,1470495600,42869270,0,0
Europe,,1917,106430,1446985580,43507850,0,0
Europe,,1918,117440,1317819930,34263120,0,0
Europe,,1919,330300,1111037450,31029850,0,0
Europe,,1920,979890,1309694550,21223610,0,0
Europe,,1921,1031269.9999999999,1191219610,21737410,0,0
Europe,,1922,1108340,1334690920,27925030,0,0
Europe,,1923,1093660,1265654550,33319930,0,0
Europe,,1924,1479010,1457489120,38725840,0,0
Europe,,1925,1776280,1430643070,53277390,0,0
Europe,,1926,1838670,1214590170,52994800,0,0
Europe,,1927,2033180.0000000002,1572466550,55446360,0,0
Europe,,1928,2231360,1560443630,56855640,15935140,0
Europe,,1929,2712130,1689433120,64459880,17113210,0
Europe,,1930,3904880,1570356300,95988850,16382880,0
Europe,,1931,4730630,1449862860,110044950,15142420,0
Europe,,1932,5108640,1347616660,109967880,13435870,0
Europe,,1933,5475640,1391476830,116720680,13234020,0
Europe,,1934,6602330,1521545300,134417420,16184700,0
Europe,,1935,7042730,1598288670,143247440,18493130,0
Europe,,1936,8283189.999999999,1697870450,152829810,20955700,0
Europe,,1937,8261170,1844802570,156242910,21906230,0
Europe,,1938,8118040.000000001,1841015130,164375630,22838410,0
Europe,,1939,7574880,1898146020,155395140,17388460,0
Europe,,1940,8815340,2049217900,143390570,13586340,0
Europe,,1941,3207580,1970727610,128769290.00000001,19091340,0
Europe,,1942,3714040,1863236980,126020460,13068870,0
Europe,,1943,3185560,1945305520,113905790,14335020,0
Europe,,1944,2521290,1699745820,138865460,6782160,0
Europe,,1945,8870390,1132007830,86182610,7464780,0
Europe,,1946,9879640,1514432840,114386560,13979030,0
Europe,,1947,11369660,1713768890,162889280,17535260,0
Europe,,1948,15171780,1811306480,203743720,23209080,0
Europe,,1949,19902410,1966228190,232722040,27308470,0
Europe,,1950,21216270,2064063050.0000002,275264680,32483170,0
Europe,,1951,23943080,2260877810,321407590,36604580,0
Europe,,1952,26405650,2308763970,353112720,39782800,0
Europe,,1953,31286750,2343951930,388223610,44539120,0
Europe,,1954,34773250,2461634150,445945370,48245820,0
Europe,,1955,40755350,2648840850,522241000,54393070,0
Europe,,1956,50146880,2776600890,598507270,57545600,0
Europe,,1957,67157330,2850518360,660710100,60977050,0
Europe,,1958,88127710,2787522810,738415010,64518600.00000001,0
Europe,,1959,109310950,2763524680,822861710,73073370,0
Europe,,1960,135210140,2851120240,927210820,80633570,0
Europe,,1961,167285940,2850155030,1017584570,88590130,0
Europe,,1962,202576660,2887192670,1165889270,95486060,319290
Europe,,1963,239926250,2999245110,1321001820,100576350,451410
Europe,,1964,284546110,3007634730,1473138000,112346040,532150
Europe,,1965,327958540,2984234810,1619835240,117946460,407370
Europe,,1966,365370520,2943523500,1779880270,126057160,220200
Europe,,1967,409036180,2885544840,1914000420,132266799.99999999,264240
Europe,,1968,462948480,2891038830,2091738519.9999998,139228790,466090
Europe,,1969,515616650.00000006,2946672360,2279921440,145045740,1827660
Europe,,1970,538477080,2914049730,2559795640,152859170,3299330
Europe,,1971,632069420,2879478330,2694451610,159377090,31158300
Europe,,1972,708387070,2827379010,2902379130,167880480,31327120
Europe,,1973,774094750,2862911950,3105308110,176152660,36233910
Europe,,1974,850159170,2856239890,3062504900,177561940,39103850
Europe,,1975,920278190,2861040250,3018593350,178185840,41815980
Europe,,1976,1006207570,2977533390,3202086010,183914710,45618100
Europe,,1977,1054060700,2965382020,3215059460,189045370,49233050
Europe,,1978,1108765720,2975224960,3396364800,192917220,53328770
Europe,,1979,1176433180,3077394090,3448482470,191540970,38648770
Europe,,1980,1208898000,3172681970,3346621620,191695110,33863090
Europe,,1981,1262847000,3019888860,3168065110,186825020,32318019.999999996
Europe,,1982,1283138430,3032223730,3093248490,183022900,30571100
Europe,,1983,1354274040,3034723000,3030865830,184722110,28989330
Europe,,1984,1434687410,3027867440,3006728240,180351140,27961730
Europe,,1985,1536232640,3317900200,2990426100,175598490,28024120
Europe,,1986,1492218330,3336609860,3033394460,179881380,24350450
Europe,,1987,1643470040,3356093890,3053630840,181338370,24548630
Europe,,1988,1716954450,3329776320,3056981550,187492960,41137030
Europe,,1989,1773501810,3246793950,3061910360,191126260,39969970
Europe,,1990,1810183460,2892690330,2952298470,183202730,27910350
Europe,,1991,1842615250,2628967800,2956816240,169385180,25928550
Europe,,1992,1931829280,2714614590,2598488450,157953130,17876570
Europe,,1993,1913468270,2493783350,2477587640,140924330,18878480
Europe,,1994,1814330560,2341823330,2275066030,134373380,19227130
Europe,,1995,1843488710,2269322480,2255435200,130600619.99999999,19781300
Europe,,1996,1935642410,2227737710,2250073330,123128500,20309780
Europe,,1997,1884299110,2063659350,2201188930,127602230,18294950
Europe,,1998,1906374160,1993947700,2225565070,131789700.00000001,21348390
Europe,,1999,1952744610,1930702590,2164866940,135389970,23803620
Europe,,2000,1989459290,1971821270,2125818139.9999998,139236130,22387000
Europe,,2001,2041400800,1965718060,2186325430,139474680,23968770
Europe,,2002,2035690280,1956961440,2166522110,141662000,30325210
Europe,,2003,2137562140,2017461390,2185778600,149302940,25778080
Europe,,2004,2181092010,1993980730,2192703890,158250400,26409320
Europe,,2005,2216390070,1964327130,2169913190,162415850,30750930
Europe,,2006,2215949670,2039551120,2183837170,179679530,34898030
Europe,,2007,2233319780,2017622870,2129227570,188428810,37026630
Europe,,2008,2256293980,1966782360,2123230790,172178050,34351200
Europe,,2009,2093665270,1704157160,2030544940,139606800,29506800
Europe,,2010,2309886990,1817321610,2042655940,138703980,36505490
Europe,,2011,2235011650,1858469650,2028937480,145999940,37573460
Europe,,2012,2179282700,1951173850,1995180820,137155240,37918440
Europe,,2013,2171183010,1879447370,1947632300,137096520,38535000
Latin America and the Carribean,,1884,0,0,3670,0,0
Latin America and the Carribean,,1885,0,0,3670,0,0
Latin America and the Carribean,,1886,0,0,7340,0,0
Latin America and the Carribean,,1887,0,1086320,7340,0,0
Latin America and the Carribean,,1888,0,891810,7340,0,0
Latin America and the Carribean,,1889,0,1757930,7340,0,0
Latin America and the Carribean,,1890,0,1372580,11010,0,0
Latin America and the Carribean,,1891,0,1460660,47710,0,0
Latin America and the Carribean,,1892,0,1967120,66060,0,0
Latin America and the Carribean,,1893,0,2088229.9999999998,47710,0,0
Latin America and the Carribean,,1894,0,2535970,40370,0,0
Latin America and the Carribean,,1895,0,3288320,40370,0,0
Latin America and the Carribean,,1896,0,3424110,40370,0,0
Latin America and the Carribean,,1897,0,3413100,40370,0,0
Latin America and the Carribean,,1898,0,3857170,62390,0,0
Latin America and the Carribean,,1899,0,4392990,84410,0,0
Latin America and the Carribean,,1900,0,4055350,117440,0,0
Latin America and the Carribean,,1901,0,7600570,128450.00000000001,0,0
Latin America and the Carribean,,1902,0,8705240,113770,0,0
Latin America and the Carribean,,1903,0,9105270,143130,0,0
Latin America and the Carribean,,1904,0,10220950,179830,0,0
Latin America and the Carribean,,1905,0,10672360,264240,0,0
Latin America and the Carribean,,1906,0,13832230,436730,0,0
Latin America and the Carribean,,1907,0,14195560,781710,0,0
Latin America and the Carribean,,1908,0,16570049.999999998,2113920,0,0
Latin America and the Carribean,,1909,0,15314910,1842340,0,0
Latin America and the Carribean,,1910,0,19315210,2190990,0,0
Latin America and the Carribean,,1911,0,21245630,6488560,0,0
Latin America and the Carribean,,1912,0,21146540,7725350,0,0
Latin America and the Carribean,,1913,0,21385090,11751340,0,0
Latin America and the Carribean,,1914,3670,17781150,9886980,0,0
Latin America and the Carribean,,1915,11010,14595590,15175450,0,0
Latin America and the Carribean,,1916,14680,12657830,18592220,0,0
Latin America and the Carribean,,1917,25690,10011760,27550690,0,0
Latin America and the Carribean,,1918,29360,10734750,31716140,0,0
Latin America and the Carribean,,1919,29360,12382580,42311430,0,0
Latin America and the Carribean,,1920,36700,13993710,78071910,0,0
Latin America and the Carribean,,1921,47710,13212000,92630800,0,0
Latin America and the Carribean,,1922,62390,15076360,88729590,0,0
Latin America and the Carribean,,1923,77070,17759130,75323080,0,0
Latin America and the Carribean,,1924,128450.00000000001,20786880,73102730,0,0
Latin America and the Carribean,,1925,1343220,20735500,63468980,0,0
Latin America and the Carribean,,1926,293600,19898740,65164519.99999999,0,0
Latin America and the Carribean,,1927,260570.00000000003,21671350,53185640,0,0
Latin America and the Carribean,,1928,297270,20522640,66614170,348650,0
Latin America and the Carribean,,1929,2143280,21498860,72504520,436730,0
Latin America and the Carribean,,1930,1016590.0000000001,20676780,74464300,326630,0
Latin America and the Carribean,,1931,1049620,16059920.000000002,65509500,418380,0
Latin America and the Carribean,,1932,2323110,14672660,67766550,466090,0
Latin America and the Carribean,,1933,4136090.0000000005,16181030,72148530,517470,0
Latin America and the Carribean,,1934,3075460,18041720,82908970,671610,0
Latin America and the Carribean,,1935,4411340,20276750,92487670,950530,0
Latin America and the Carribean,,1936,4561810,20570350,95030980,1089990,0
Latin America and the Carribean,,1937,7035390,22537470,116632600,1335880,0
Latin America and the Carribean,,1938,7508820,21575930,118170330,1526720,0
Latin America and the Carribean,,1939,4605850,20988730,117821680,1567090,0
Latin America and the Carribean,,1940,5093960,19685880,112749740,1647830,0
Latin America and the Carribean,,1941,6011460,16878330,125866320,1857020,0
Latin America and the Carribean,,1942,5710520,16177360,93471230,1838670,0
Latin America and the Carribean,,1943,5134330,17271020,117153740,1809310,0
Latin America and the Carribean,,1944,5809610,16610420.000000002,139885720,1981800,0
Latin America and the Carribean,,1945,6011460,17590310,154297810,2121260,0
Latin America and the Carribean,,1946,6539940,19058310,228963960,2312100,0
Latin America and the Carribean,,1947,7545520,21014420,183925720,2649740,0
Latin America and the Carribean,,1948,7240910,22897130,193522770,2803880,0
Latin America and the Carribean,,1949,7835450,19788640,83224590,3170880,0
Latin America and the Carribean,,1950,4888440,20122610,103314170,3644310,30552750
Latin America and the Carribean,,1951,7097780,23722880,119546580,4000300,37235820
Latin America and the Carribean,,1952,8154740,22559490,125135990,4389320,39746100
Latin America and the Carribean,,1953,8855710,21256640,128259160.00000001,4833390,36516500
Latin America and the Carribean,,1954,9703480,22515450,141489510,5350860,38725840
Latin America and the Carribean,,1955,10444820,22886120,158507300,5971090,41526050
Latin America and the Carribean,,1956,11277910,23275140,172541380,6774820,45647460
Latin America and the Carribean,,1957,13010150,22603530,185746040,7351010,50051460
Latin America and the Carribean,,1958,15766320,22823730,180156630,7615250,47089770
Latin America and the Carribean,,1959,17663710,22765010,201710540,7861140,46649370
Latin America and the Carribean,,1960,20775870,24493580,202877600,8301539.999999999,43008730
Latin America and the Carribean,,1961,24956000,24724790,208206440,8863050,39702060
Latin America and the Carribean,,1962,30824330,25077110,217656690,9413550,42329780
Latin America and the Carribean,,1963,32497850,25917540,217260330,9699810,40028690
Latin America and the Carribean,,1964,37188110,26453360,233489070,10888890,43063780
Latin America and the Carribean,,1965,41551740,26559790,239195920,11347640,43034420
Latin America and the Carribean,,1966,45074940,27502980,250139860,12221100,44381310
Latin America and the Carribean,,1967,49948700,30215110,267216369.99999997,12745910,48700900
Latin America and the Carribean,,1968,51702960,31242710,289537310,14522190,47647610
Latin America and the Carribean,,1969,52275480,33521780,320728640,15336930,50546910
Latin America and the Carribean,,1970,59417300,31382170,354756880,17223310,58609900
Latin America and the Carribean,,1971,60852270,32446469.999999996,381562560,18133470,54018730
Latin America and the Carribean,,1972,64749810,32831820,406188260,20441900,49178000
Latin America and the Carribean,,1973,72666000,35378800,446242640,22720970,49225710
Latin America and the Carribean,,1974,75257020,38560690,479613950,24170620,42560990
Latin America and the Carribean,,1975,76027720,40006670,494209540,25631280,32457479.999999996
Latin America and the Carribean,,1976,75517590,40696630,529970020,27649780,37026630
Latin America and the Carribean,,1977,81448310,45651130,545758360,28974650,30651840
Latin America and the Carribean,,1978,91379330,52433290,577353390,31117930,33385990
Latin America and the Carribean,,1979,106191450,56396890,612871650,33984200,31565670
Latin America and the Carribean,,1980,115700420,50631320,647259550,37089020,31624390
Latin America and the Carribean,,1981,118999750,48132050,637431290,37489050,31077560
Latin America and the Carribean,,1982,129539989.99999999,50440480,641435260,37309220,38322140
Latin America and the Carribean,,1983,135845050,54481150,599160530,32993299.999999996,33474069.999999996
Latin America and the Carribean,,1984,141768430,60543990,602995680,33653900,32028090
Latin America and the Carribean,,1985,145680650,69285930,616996730,35129240,30717900
Latin America and the Carribean,,1986,144814530,69810740,636627560,38468940,27972740
Latin America and the Carribean,,1987,152484830,75480890,664919590,41507700,29055390
Latin America and the Carribean,,1988,160841420,77084680,679192220,42050860,27807590
Latin America and the Carribean,,1989,201820640,82325440,698019320,40722320,24108230
Latin America and the Carribean,,1990,170082480,79587620,690991270,41720560,23436620
Latin America and the Carribean,,1991,178563850,80637240,700768150,42894960,22056700
Latin America and the Carribean,,1992,156929200,80494110,738550800,43210580,22798040
Latin America and the Carribean,,1993,167737350,83789770,751480210,44920800,28394790
Latin America and the Carribean,,1994,186274520,90263650,768853990,48150400,30255480
Latin America and the Carribean,,1995,205314480,96176020,755047450,47842120,30519720
Latin America and the Carribean,,1996,226468360,104143590,771863390,51930500,32061120.000000004
Latin America and the Carribean,,1997,233812030,109274250,812424230,56606080,33319930
Latin America and the Carribean,,1998,257978979.99999997,111223020,860615000,58466770,25517510
Latin America and the Carribean,,1999,267557680,108276010,892151310,59072320,19069320
Latin America and the Carribean,,2000,256323809.99999997,109222870,876616200,61186240,29668280
Latin America and the Carribean,,2001,269381670,105424420,904680690,59215450,24959670
Latin America and the Carribean,,2002,276974900,108030120,904599950,57776810,25161520
Latin America and the Carribean,,2003,292620110,119550250,902346570,57736440,24009140
Latin America and the Carribean,,2004,319583600,113425020,894298260,58635590,25165190
Latin America and the Carribean,,2005,325440920,124468050,930055070,65142500,32662999.999999996
Latin America and the Carribean,,2006,364500730,125436930,940650360,72746740,29183840
Latin America and the Carribean,,2007,371980190,127018700,957561720,74893690,41041610
Latin America and the Carribean,,2008,387129950,128483030.00000001,1004332200,78115950,57138230
Latin America and the Carribean,,2009,377415460,115241670,989754960,75708430,52436960
Latin America and the Carribean,,2010,418699290,135977170,1025023660.0000001,79613310,44384980
Latin America and the Carribean,,2011,427257730,152349040,1037813609.9999999,85158680,40344310
Latin America and the Carribean,,2012,450213580,148998330,1093700370,88696560,40924170
Latin America and the Carribean,,2013,449751160,168952120,1109558440,90021430,51805720
Middle East,,1865,0,150470,0,0,0
Middle East,,1866,0,209190,0,0,0
Middle East,,1867,0,227540,0,0,0
Middle East,,1868,0,176160,0,0,0
Middle East,,1869,0,267910,0,0,0
Middle East,,1870,0,157810,0,0,0
Middle East,,1871,0,198180,0,0,0
Middle East,,1872,0,245890,0,0,0
Middle East,,1873,0,238550,0,0,0
Middle East,,1874,0,256900.00000000003,0,0,0
Middle East,,1875,0,352320,0,0,0
Middle East,,1876,0,275250,0,0,0
Middle East,,1877,0,447740,0,0,0
Middle East,,1878,0,326630,0,0,0
Middle East,,1879,0,124780,0,0,0
Middle East,,1880,0,139460,0,0,0
Middle East,,1881,0,183500,0,0,0
Middle East,,1882,0,154140,0,0,0
Middle East,,1883,0,161480,0,0,0
Middle East,,1884,0,176160,0,0,0
Middle East,,1885,0,194510,0,0,0
Middle East,,1886,0,135790,0,0,0
Middle East,,1887,0,245890,0,0,0
Middle East,,1888,0,267910,0,0,0
Middle East,,1889,0,403700,0,0,0
Middle East,,1890,0,367000,0,0,0
Middle East,,1891,0,403700,0,0,0
Middle East,,1892,0,411040,0,0,0
Middle East,,1893,0,425720,0,0,0
Middle East,,1894,0,392690,0,0,0
Middle East,,1895,0,374340,0,0,0
Middle East,,1896,0,444070,0,0,0
Middle East,,1897,0,315620,0,0,0
Middle East,,1898,0,524810,0,0,0
Middle East,,1899,0,671610,0,0,0
Middle East,,1900,0,1038610,0,0,0
Middle East,,1901,0,950530,0,0,0
Middle East,,1902,0,1049620,0,0,0
Middle East,,1903,0,1207430,0,0,0
Middle East,,1904,0,1368910,0,0,0
Middle East,,1905,0,1534060,0,0,0
Middle East,,1906,0,1581770,3670,0,0
Middle East,,1907,0,1882710,0,0,0
Middle East,,1908,0,1724900,0,0,0
Middle East,,1909,0,1959780,0,0,0
Middle East,,1910,0,1886380,0,0,0
Middle East,,1911,0,2231360,135790,0,0
Middle East,,1912,0,2000150,253230,0,0
Middle East,,1913,0,2040520,855110,0,0
Middle East,,1914,0,1666180,1174400,0,0
Middle East,,1915,0,1038610,1405610,0,0
Middle East,,1916,0,513800.00000000006,2011159.9999999998,0,0
Middle East,,1917,0,392690,2803880,0,0
Middle East,,1918,0,458750,3453470,0,0
Middle East,,1919,0,939520,4326930,0,0
Middle East,,1920,0,1405610,5446280,0,0
Middle East,,1921,0,844100,7266600,0,0
Middle East,,1922,0,1012920,9241060,0,0
Middle East,,1923,0,1475340,11597200,0,0
Middle East,,1924,0,2455230,13527620,0,0
Middle East,,1925,0,2370820,14224920,0,0
Middle East,,1926,0,3013070,15083700,0,0
Middle East,,1927,0,3284650,16867320,0,0
Middle East,,1928,0,3101150,17997680,29360,0
Middle East,,1929,0,3523200,17421490,33030,0
Middle East,,1930,0,3948920,18915180,69730,0
Middle East,,1931,0,3897540,18320640,99090,0
Middle East,,1932,0,3956260,20496950,128450.00000000001,0
Middle East,,1933,0,4613190,22486090,154140,0
Middle East,,1934,0,5717860,26523090,165150,0
Middle East,,1935,0,5879340,29642590,223870,0
Middle East,,1936,0,5805940,33356630.000000004,234880,0
Middle East,,1937,0,4147100,41280160,311950,0
Middle East,,1938,0,4506760,41445310,304610,0
Middle East,,1939,0,4969180,46924620,315620,0
Middle East,,1940,0,5589410,39720410,282590,0
Middle East,,1941,0,5728870,30071980,264240,0
Middle East,,1942,0,5064600,41834330,649590,0
Middle East,,1943,0,6227990,46040150,260570.00000000003,0
Middle East,,1944,0,7156500,60323790,333970,0
Middle East,,1945,0,7358350,78622410,319290,0
Middle East,,1946,0,7273940,105310650,411040,0
Middle East,,1947,0,7813430,126013120,473430,0
Middle East,,1948,0,7930870,100455240,414710,0
Middle East,,1949,3670,8209790,109211860,488110,0
Middle East,,1950,0,8400630,8096019.999999999,620230,0
Middle East,,1951,0,8624500,16856310,671610,0
Middle East,,1952,0,8422650,14147850,748680,0
Middle East,,1953,0,10543910,16188369.999999998,877130,0
Middle East,,1954,0,11035690,21113510,1093660,0
Middle East,,1955,1218440,10617310,25932220,1368910,11659590
Middle East,,1956,1545070,11200840,32912560,1607460,12775270
Middle East,,1957,1923080,12202750,37929450,1974460,8679550
Middle East,,1958,1857020,12558740,41562750,3559900,9886980
Middle East,,1959,2403850,11997230,43507850,2602030,11226530
Middle East,,1960,4811370,12103660,58756700,2961690,12701870
Middle East,,1961,5024230,11296260,61604620,3185560,14412090
Middle East,,1962,5872000,12599110,72695360,3442460,15799350
Middle East,,1963,6837210,13674420,76868150,3776430,23667830
Middle East,,1964,8536420,15226830,73928480,4007640.0000000005,44340940
Middle East,,1965,9149310,15024980,85551370,4470060,60066890
Middle East,,1966,11131110,16702169.999999998,97974320,5097630,69649260
Middle East,,1967,12540390,15858070,84498080,5138000,89258070
Middle East,,1968,16474630.000000002,16199380.000000002,106485050,6095870,92762920
Middle East,,1969,24845900,17564620,101486510,7174850,119568600
Middle East,,1970,29297610,18808750,116115130,7769390,115601330
Middle East,,1971,28134220,19263830,136057910,8859380,144689750
Middle East,,1972,30449990,21418120,137430490,10026440,164753640
Middle East,,1973,35705430,22045690,165458280,10066810,198730500
Middle East,,1974,40737000,23069620,177495880,11068720,194403570
Middle East,,1975,42447220,23708200,190770270,13024830,167726340
Middle East,,1976,42924320,26038650,225352680,14680000,203024400
Middle East,,1977,39870880,26357940,266713579.99999997,16291129.999999998,189496780
Middle East,,1978,40388350,23043930,271110240,21150210,185503820
Middle East,,1979,57743780,27602070,314797920,20144630,155156590
Middle East,,1980,76787410,26713930,297890230,19997830,138696640
Middle East,,1981,95049330,29271920,321374560,22838410,89136960
Middle East,,1982,67997760,36644950,349512450,25260610,90748090
Middle East,,1983,62690940,41962780,393090030,25510170,77363600
Middle East,,1984,104338100,49456920,398095910,30027940,47941210
Middle East,,1985,118056560,58308960,426894400,31947350,43386740
Middle East,,1986,139551750,64603010,448338210,32607950.000000004,36978920
Middle East,,1987,148466180,68328060,453182610,34644800,34674160
Middle East,,1988,165172020,66427000.00000001,487383340,35811860,32420780
Middle East,,1989,184729450,71304430,510049260,38204700,28358090
Middle East,,1990,210610290,78747190,503733190,37991840,39158900
Middle East,,1991,243735710,83180550,970590220,36927540,57450180
Middle East,,1992,263454619.99999997,83870510,566681030,40641580,32123510.000000004
Middle East,,1993,296367180,81925410,615216780,44051010,27903010
Middle East,,1994,321781930,83033750,634928350,44418010,33848410
Middle East,,1995,291386990,86868900,630777580,48355920,27451600
Middle East,,1996,307303780,99181750,605010510,50356070,29426060
Middle East,,1997,328857690,109964210,545637250,49959710,32303340
Middle East,,1998,338546490,115773820,610519180,53754490,29771040
Middle East,,1999,360544470,108022780,683210870,53926980,35261360
Middle East,,2000,388326370,121513700,763066400,56011540,35224660
Middle East,,2001,387012510,108463180,793758610,55765650,34197060
Middle East,,2002,431096550,111120260,770211890,60716480,28893910
Middle East,,2003,463752210,118496960,809282710,62654240,37602820
Middle East,,2004,523308970.00000006,122247700,859055250,67733520,49170660
Middle East,,2005,579195730,122904630,856291740,71385170,49291770
Middle East,,2006,630542700,140436220,897403080,77161750,58393370
Middle East,,2007,655700550,152066450,884363570,85951400,57670380
Middle East,,2008,712655280,152539880,957088290,94649300,56617090
Middle East,,2009,731801670,150139700,997924380,104349110,57582300
Middle East,,2010,797333190,161729560,1014670590,115858230,53556310
Middle East,,2011,847072700,167939200,993891050,121036600,58386030
Middle East,,2012,869885420,179040950,1100478860,128002260,64922300.00000001
Middle East,,2013,879533850,165979420,1035861169.9999999,135599160,65630610.00000001
North America,,1785,0,3670,0,0,0
North America,,1786,0,3670,0,0,0
North America,,1787,0,3670,0,0,0
North America,,1788,0,3670,0,0,0
North America,,1789,0,3670,0,0,0
North America,,1790,0,3670,0,0,0
North America,,1791,0,3670,0,0,0
North America,,1792,0,3670,0,0,0
North America,,1793,0,3670,0,0,0
North America,,1794,0,3670,0,0,0
North America,,1795,0,3670,0,0,0
North America,,1796,0,3670,0,0,0
North America,,1797,0,3670,0,0,0
North America,,1798,0,3670,0,0,0
North America,,1799,0,3670,0,0,0
North America,,1800,0,256900.00000000003,0,0,0
North America,,1801,0,271580,0,0,0
North America,,1802,0,293600,0,0,0
North America,,1803,0,300940,0,0,0
North America,,1804,0,337640,0,0,0
North America,,1805,0,344980,0,0,0
North America,,1806,0,337640,0,0,0
North America,,1807,0,381680,0,0,0
North America,,1808,0,396360,0,0,0
North America,,1809,0,407370,0,0,0
North America,,1810,0,422050,0,0,0
North America,,1811,0,451410,0,0,0
North America,,1812,0,488110,0,0,0
North America,,1813,0,524810,0,0,0
North America,,1814,0,565180,0,0,0
North America,,1815,0,605550,0,0,0
North America,,1816,0,667940,0,0,0
North America,,1817,0,722990,0,0,0
North America,,1818,0,785380,0,0,0
North America,,1819,0,767030,0,0,0
North America,,1820,0,796390,0,0,0
North America,,1821,0,833090,0,0,0
North America,,1822,0,869790,0,0,0
North America,,1823,0,906490,0,0,0
North America,,1824,0,1020260,0,0,0
North America,,1825,0,1141370,0,0,0
North America,,1826,0,1321200,0,0,0
North America,,1827,0,1453320,0,0,0
North America,,1828,0,1600120,0,0,0
North America,,1829,0,1801970,0,0,0
North America,,1830,0,2095570,0,0,0
North America,,1831,0,2271730,0,0,0
North America,,1832,0,3031420,0,0,0
North America,,1833,0,3537880,0,0,0
North America,,1834,0,3391080,0,0,0
North America,,1835,0,4326930,0,0,0
North America,,1836,0,4741640,0,0,0
North America,,1837,0,5317830,0,0,0
North America,,1838,0,5042580,0,0,0
North America,,1839,0,5530690,0,0,0
North America,,1840,0,5886680,0,0,0
North America,,1841,0,6227990,0,0,0
North America,,1842,0,6932630,0,0,0
North America,,1843,0,7780400,0,0,0
North America,,1844,0,9325470,0,0,0
North America,,1845,0,11226530,0,0,0
North America,,1846,0,12756920,0,0,0
North America,,1847,0,15127740,0,0,0
North America,,1848,0,16852640,0,0,0
North America,,1849,0,18298620,0,0,0
North America,,1850,0,19884060,0,0,0
North America,,1851,0,24743140,0,0,0
North America,,1852,0,26919450,0,0,0
North America,,1853,0,30314200,0,0,0
North America,,1854,0,33338279.999999996,0,0,0
North America,,1855,0,38373520,0,0,0
North America,,1856,0,40281920,0,0,0
North America,,1857,0,41338880,0,0,0
North America,,1858,0,41981130,0,0,0
North America,,1859,0,45709850,0,0,0
North America,,1860,0,47691650,201850,0,0
North America,,1861,0,45350190,862450,0,0
North America,,1862,0,46832870,1258810,0,0
North America,,1863,0,54499500,1101000,0,0
North America,,1864,0,58694310,902820,0,0
North America,,1865,0,58866800,1071640,0,0
North America,,1866,0,59031950,1541400,0,0
North America,,1867,0,73132090,1445980,0,0
North America,,1868,0,81855680,1578100,0,0
North America,,1869,0,92718880,1816650,0,0
North America,,1870,0,97853210,2154290,0,0
North America,,1871,0,102837070,2132270,0,0
North America,,1872,0,125818610,2539640,0,0
North America,,1873,0,137338740,4007640.0000000005,0,0
North America,,1874,0,131741989.99999999,4396660,0,0
North America,,1875,0,134322000,3523200,0,0
North America,,1876,0,131279570,3618620,0,0
North America,,1877,0,144131910,5314160,0,0
North America,,1878,0,139882050,6194960,0,0
North America,,1879,0,169829250,8110700,0,0
North America,,1880,0,193706270,10543910,0,0
North America,,1881,0,205090610,11046700,0,0
North America,,1882,165150,230142030,12099990,0,0
North America,,1883,381680,252253780,9108940,0,0
North America,,1884,1174400,266236479.99999997,9230050,0,0
North America,,1885,3721380,268897230,8246490,0,0
North America,,1886,7688650,278079570,10976970,0,0
North America,,1887,11806390,295244160,10998990,0,0
North America,,1888,16801260,360192150,10826500,0,0
North America,,1889,12246790,321308500,13843240,0,0
North America,,1890,11707300,384997680,18137140,0,0
North America,,1891,8962140,411531780,21594280,0,0
North America,,1892,7787740,437331880,19979480,0,0
North America,,1893,7299630,443358020,19058310,0,0
North America,,1894,6708760,413891590,19348240,0,0
North America,,1895,7053740,466372590,20863950,0,0
North America,,1896,6859230,465311960,24174290,0,0
North America,,1897,7299630,484766630,23866010,0,0
North America,,1898,8474030,531621520.00000006,21854850,0,0
North America,,1899,10921920,612284450,22548480,0,0
North America,,1900,11560500,647850420,25069770,0,0
North America,,1901,12881700,706225440,27484630,0,0
North America,,1902,13714790,742569450,35151260,0,0
North America,,1903,14547880,869199130,40127780,0,0
North America,,1904,15186460,852485950,47144820,0,0
North America,,1905,17193950,949891420,54470140,0,0
North America,,1906,19047300,1002688040,50748760,0,0
North America,,1907,19898740,1163529460,67414230,0,0
North America,,1908,19696890,1008229740,72254960,0,0
North America,,1909,23546720,1113643150,73528450,0,0
North America,,1910,24941320,1213235940,84832050,0,0
North America,,1911,25745050,1203778350,89283760,0,0
North America,,1912,28350750,1291447310,90990310,0,0
North America,,1913,29591210,1383024820,109266910,0,0
North America,,1914,30141710,1238992000,117208790,0,0
North America,,1915,31859270,1273361550,123502840,0,0
North America,,1916,38245070,1419794550,137280020,0,0
North America,,1917,40399360,1564040230,152147190,0,0
North America,,1918,36384380,1637671440,164052670,0,0
North America,,1919,37599150,1333571570,184413830,0,0
North America,,1920,40667270,1548057380,234520340,0,0
North America,,1921,33764000,1220153890,250998640,0,0
North America,,1922,38788230,1178268180,287933520,0,0
North America,,1923,51057040,1599518120,339669510,0,0
North America,,1924,57710750,1386694820,331474400,0,0
North America,,1925,60165980,1411860010,347086580,0,0
North America,,1926,66463700,1557566350,352492490,0,0
North America,,1927,73190810,1461878440,404944130,0,0
North America,,1928,79378430,1414076690,415190770,16074600,0
North America,,1929,97122880,1490926490,459014240,15685580,0
North America,,1930,98502800,1319827420,406437820,14812120,0
North America,,1931,85723860,1084466650,379705540,11589860,0
North America,,1932,79323380,893432140,349090400,6939970,0
North America,,1933,79455500,947850900,386047300,5633450,0
North America,,1934,90186580,1030756200,388884210,6950980,0
North America,,1935,97772470,1046797769.9999999,420163620,6892260,0
North America,,1936,110481680,1214626870,464559610,10136540,0
North America,,1937,122856920,1221152130,531581150,10540240,0
North America,,1938,117282190,974858430,499887030,9560350,0
North America,,1939,126189280,1100977980,527514789.99999994,11068720,0
North America,,1940,136112960,1255650130,579694850,11898140,0
North America,,1941,144073190,1390750170,613212960,14870840,0
North America,,1942,156529170,1566634920,589115740,16500319.999999998,0
North America,,1943,174581900,1583942640,638576330,12092650,0
North America,,1944,189269240,1658370240,728961090,8415310,0
North America,,1945,200569170,1524312480,755506200,9549340,0
North America,,1946,205975080,1406791740,767518110,15094710,0
North America,,1947,227246400,1560219760,824076480,17076510,0
North America,,1948,255255840,1553830290,912053720,18900500,0
North America,,1949,268710060,1166292970,854409030,19388610,0
North America,,1950,323301310,1356266850,950801580,20926340,43192230
North America,,1951,380912970,1310623060,1022715230,22581510,42770180
North America,,1952,407729660,1165929640,1066542369.9999999,22974200,45757560
North America,,1953,428854180,1150776210,1121761190,24548630,44964840
North America,,1954,450683340,995157200,1140254320,25256940,39015770
North America,,1955,487427380,1100232970,1235677990,28798490,43808790
North America,,1956,515271670,1148717340,1303121580,30662850,49930350
North America,,1957,552412070,1090786390,1295902690,29448080,47827440
North America,,1958,585086080,947157270,1326782070,30567430,38296450
North America,,1959,611513750,966101810,1368352160,33125420,33965850
North America,,1960,652628760,969184610,1399660930,31062880,33576830
North America,,1961,660460540,934565500,1418297190,31635400,32244619.999999996
North America,,1962,703494960,969434170,1463427180,33074039.999999996,27576380
North America,,1963,742033630,1035299659.9999999,1495972740,34534700,25223910
North America,,1964,794529310,1102897390,1540155870,36388050,22680600
North America,,1965,821984580,1146669480,1619086560,36883500,21432800
North America,,1966,886077460,1187241330,1688247710,38241400,24515600
North America,,1967,927864080,1222363230,1763567120,36446770,30618810
North America,,1968,993509370,1202145200,1871685320,38769880,32163880
North America,,1969,1078143240,1219111610,1966371320,39224960,32842830
North America,,1970,1123673260,1228914180,2253137780,37382620,31103250
North America,,1971,1166303980,1165188300,2321429140,40472760,19840020
North America,,1972,1194111570,1188940540,2506591650,42803210,17693070
North America,,1973,1187289040,1264634290,2641977950,44693260,17436170
North America,,1974,1137545860,1246827450,2553006140,42707790,12455980
North America,,1975,1065786350.0000001,1214498420,2480776870,36542190,9795230
North America,,1976,1095175710,1335707510,2537313220,38535000,9787890
North America,,1977,1066586409.9999999,1356604490,2680802880,41059960,9604390
North America,,1978,1086562220,1439161140,2730850670,43852830,10672360
North America,,1979,1129431490,1493220240,2668978140,44770330,11835750
North America,,1980,1115103810,1543726780,2462030510,39973640,9839270
North America,,1981,1081714150,1574697910,2267149840,38087260,8217129.999999999
North America,,1982,1014743990,1528213690,2141265170.0000002,33338279.999999996,7864810
North America,,1983,973148210,1613005370,2123895059.9999998,36233910,8169420.000000001
North America,,1984,1009117880,1691770910,2153867950,39933270,10110850
North America,,1985,986815290,1729270970,2151654940,40792050,10125530
North America,,1986,934095740,1683700580,2235253870,41478340,10000750
North America,,1987,985717960,1782757550,2301794640,42282070,11358650
North America,,1988,1035596929.9999999,1868367640,2394693350,41441640,12856010
North America,,1989,1078605660,1906770520,2383283320,41852680,12276150
North America,,1990,1130437070,1877230690,2201409130,41474670,12485340
North America,,1991,1179747190,1865453660,2155475410,38861630,13927650
North America,,1992,1207264850,1891286790,2205809460,38223050,14012060
North America,,1993,1248489960,1925608630,2251412880,40821410,16760890
North America,,1994,1277824270,1940413410,2280005850,44887770,16845300
North America,,1995,1322088140,1940237250,2283639150,44304240,20027190
North America,,1996,1323431360,2012393120,2343684020,46120890,19186760
North America,,1997,1331226440,2071681970,2405802440,48051310,18570200
North America,,1998,1309298190,2089921870.0000002,2462562660,48737600,11699960
North America,,1999,1370616550,2102300780,2497207460,50117520,10576940
North America,,2000,1434540610,2195049020,2551299590,50968960,9556680
North America,,2001,1350835250,2161119870,2561593940,51530470,9274090
North America,,2002,1402259290,2178596410,2530516380,52080970,9659440
North America,,2003,1377248240,2173630900,2623470140,53780180,9380520
North America,,2004,1355903520,2217186460,2682575490,56338170,8965810
North America,,2005,1354343770,2231374680,2698899650,57439170,10059470
North America,,2006,1340944600,2202190840,2635738950,56925370,10954950
North America,,2007,1434955320,2218125980,2620717640,55868410,11332960
North America,,2008,1431685350,2196575740,2475290220,50550580,12489010
North America,,2009,1419379840,1934636830,2373961520,37848710,11982550
North America,,2010,1469772610,2000223400,2384641220,39746100,11901810
North America,,2011,1512395990,1909332180,2330879390,40248890,14503840
North America,,2012,1571578410,1703445180,2268346260,43621620,14999290
North America,,2013,1603977170,1721655720,2278813100,44432690,17656370
Oceania,,1851,0,-62390,0,0,0
Oceania,,1852,0,-55050,0,0,0
Oceania,,1853,0,-110100,0,0,0
Oceania,,1854,0,-128450.00000000001,0,0,0
Oceania,,1855,0,-132120,0,0,0
Oceania,,1856,0,-183500,0,0,0
Oceania,,1857,0,-209190,0,0,0
Oceania,,1858,0,-245890,0,0,0
Oceania,,1859,0,-378010,0,0,0
Oceania,,1860,0,278920,0,0,0
Oceania,,1861,0,510130,0,0,0
Oceania,,1862,0,355990,0,0,0
Oceania,,1863,0,400030,0,0,0
Oceania,,1864,0,267910,0,0,0
Oceania,,1865,0,422050,0,0,0
Oceania,,1866,0,697300,0,0,0
Oceania,,1867,0,895480,0,0,0
Oceania,,1868,0,745010,0,0,0
Oceania,,1869,0,660600,0,0,0
Oceania,,1870,0,616560,0,0,0
Oceania,,1871,0,719320,3670,0,0
Oceania,,1872,0,737670,3670,0,0
Oceania,,1873,0,899150,11010,0,0
Oceania,,1874,0,1468000,11010,0,0
Oceania,,1875,0,2242370,29360,0,0
Oceania,,1876,0,2308430,29360,0,0
Oceania,,1877,0,2330450,29360,0,0
Oceania,,1878,0,3075460,110100,0,0
Oceania,,1879,0,4117740.0000000005,168820,0,0
Oceania,,1880,0,5068270,150470,0,0
Oceania,,1881,0,4840730,84410,0,0
Oceania,,1882,0,5160020,201850,0,0
Oceania,,1883,0,5838970,231210,0,0
Oceania,,1884,0,6418830,179830,0,0
Oceania,,1885,0,7215220,183500,0,0
Oceania,,1886,0,7431750,249560,0,0
Oceania,,1887,0,8554770,209190,0,0
Oceania,,1888,0,9787890,289930,0,0
Oceania,,1889,0,10639330,370670,0,0
Oceania,,1890,0,11321950,425720,0,0
Oceania,,1891,0,13248700,396360,0,0
Oceania,,1892,0,13410180,341310,0,0
Oceania,,1893,0,13597350,506460,0,0
Oceania,,1894,0,16430589.999999998,587200,0,0
Oceania,,1895,0,17994010,477100,0,0
Oceania,,1896,0,18614240,605550,0,0
Oceania,,1897,0,19755610,671610,0,0
Oceania,,1898,0,24163280,763360,0,0
Oceania,,1899,0,24456880,818410,0,0
Oceania,,1900,0,30967460,1104670,0,0
Oceania,,1901,0,36189870,1321200,0,0
Oceania,,1902,0,38153320,1291840,0,0
Oceania,,1903,0,39125870,1115680,0,0
Oceania,,1904,0,42605030,1501030,0,0
Oceania,,1905,0,44326260,1269820,0,0
Oceania,,1906,0,49732170,1427630,0,0
Oceania,,1907,0,53035170,1688200,0,0
Oceania,,1908,0,56929040,1710220,0,0
Oceania,,1909,0,55589490,1578100,0,0
Oceania,,1910,0,61035770,789050,0,0
Oceania,,1911,0,67307800,858780,0,0
Oceania,,1912,0,74335850,719320,0,0
Oceania,,1913,0,80211520,840430,0,0
Oceania,,1914,0,86582640,1141370,0,0
Oceania,,1915,0,78431570,1266150,0,0
Oceania,,1916,29360,81734570,1280830,0,0
Oceania,,1917,44040,91727980,1236790,0,0
Oceania,,1918,47710,98084420,1056960,0,0
Oceania,,1919,51380,104213320,968880,0,0
Oceania,,1920,69730,102708620,961540,0,0
Oceania,,1921,58720,92638140,917500,0,0
Oceania,,1922,58720,98565190,877130,0,0
Oceania,,1923,47710,103945410,770700,0,0
Oceania,,1924,36700,109780710,774370,0,0
Oceania,,1925,40370,113663570,818410,0,0
Oceania,,1926,40370,114118650,763360,0,0
Oceania,,1927,51380,122262380,763360,0,0
Oceania,,1928,47710,120364990,803730,2400180,0
Oceania,,1929,51380,120152130,855110,2591020,0
Oceania,,1930,77070,110000910,866120,2319440,0
Oceania,,1931,139460,98814750,844100,2080890.0000000002,0
Oceania,,1932,91750,99196430,697300,2058870.0000000002,0
Oceania,,1933,84410,113336940,623900,2638730,0
Oceania,,1934,84410,124706600,785380,2535970,0
Oceania,,1935,73400,131697949.99999999,968880,3273640,0
Oceania,,1936,73400,143673160,1086320,3515860,0
Oceania,,1937,95420,154308820,1089990,3468150,0
Oceania,,1938,91750,160085400,1086320,3046100,0
Oceania,,1939,99090,160566170,990900,2991050,0
Oceania,,1940,102760,183771580,917500,2583680,0
Oceania,,1941,99090,190245460,792720,3365390,0
Oceania,,1942,99090,186336910,726660,2565330,0
Oceania,,1943,80740,188307700,748680,2190990,0
Oceania,,1944,80740,176123300,704640,1812980,0
Oceania,,1945,73400,113336940,678950,1053290,0
Oceania,,1946,66060,92219760,590870,943190,0
Oceania,,1947,69730,111890960,557840,1174400,0
Oceania,,1948,91750,130090489.99999999,488110,1567090,0
Oceania,,1949,102760,138927850,598210,2301090,0
Oceania,,1950,135790,146080680,17340750,2994720,309531.47
Oceania,,1951,161480,162896620,24464220,3967270,322989.36
Oceania,,1952,179830,167678630,28824180,4363630,349905.14
Oceania,,1953,216530,173554300,35881590,5310490,363363.02999999997
Oceania,,1954,275250,170585270,43489500,6444520,363363.02999999997
Oceania,,1955,344980,166665710,50121190,6473880,417194.58999999997
Oceania,,1956,469760,179756600,57549270,7791410,430652.48
Oceania,,1957,638580,194649460,70819990,9002510,471026.14999999997
Oceania,,1958,928510,185995600,74974430,8984160,471026.14999999997
Oceania,,1959,1174400,189482100,87668960,10202600,484484.04
Oceania,,1960,1603790,205707170,114195720,12951430,524857.7100000001
Oceania,,1961,2047860,228310700,143137340,14048760,565231.38
Oceania,,1962,2668090,222090050,160364320,16148000,592147.16
Oceania,,1963,3684680,225921530,194143000,16863650,632520.8300000001
Oceania,,1964,4018650,234850640,226798660,18676630,686352.39
Oceania,,1965,3622290,243860490,258562509.99999997,18705990,740183.9500000001
Oceania,,1966,3714040,249046200,283467130,21454820,807473.4
Oceania,,1967,3923230,263439939.99999997,345468110,23858670,888220.74
Oceania,,1968,4246190,282960670,401740220,26288210,982425.97
Oceania,,1969,5215070,305351340,476050380,28354420,1076631.2
Oceania,,1970,10654010,310103990,585379680,31367490,1170836.43
Oceania,,1971,12478000,286579290,642272020,32582259.999999996,1184294.32
Oceania,,1972,14272630,283397400,707278730,36171520,1278499.55
Oceania,,1973,17601320,300191320,751072840,42208670,1480367.9000000001
Oceania,,1974,22482420,320853420,730638280,39716740,1439994.23
Oceania,,1975,26170770,306430320,702093020,35804520,1238125.88
Oceania,,1976,31679440,303351190,735948770,37378950,1453452.1199999999
Oceania,,1977,38531330,306716580,764640830,39529570,1399620.56
Oceania,,1978,51079060,283826790,749285550,45328170,1426536.3399999999
Oceania,,1979,58279600,302808030,775144370,46891590,1318873.22
Oceania,,1980,67535340,347237050,730172190,47020040,1157378.54
Oceania,,1981,71231030,373356440,692422570,45856650,874762.85
Oceania,,1982,76262600,370952590,667653740,43599600,861304.96
Oceania,,1983,80461080,357289180,651201130,43250950,780557.62
Oceania,,1984,101508530,393350600,664123200,42575670,686352.39
Oceania,,1985,114184710,412680490,617734400,39859870,659436.61
Oceania,,1986,117773970,396569190,630869330,39045130,619062.94
Oceania,,1987,119788800,403013710,630351860,39136880,592147.16
Oceania,,1988,124776330,435137220,679680330,42355470,672894.5
Oceania,,1989,132182390,444400300,714743510,43658320,551773.49
Oceania,,1990,144186960,440322930,759216570,46102540,538315.6
Oceania,,1991,148106520,449586010,745388010,48124710,605605.0499999999
Oceania,,1992,152312340,447791380,775672850,47122800,484484.04
Oceania,,1993,156147490,453182610,763738010,47174180,497941.93
Oceania,,1994,164500410,469932490,800966490,49515640,524857.7100000001
Oceania,,1995,169300770,483819770,797182720,48968810,524857.7100000001
Oceania,,1996,177679380,505575530,808229420,50858860,538315.6
Oceania,,1997,184054170,524006270,786624130,49695470,538315.6
Oceania,,1998,187496630,514930359.99999994,764772950,44531780,484484.04
Oceania,,1999,198737840,544429820,773918590,44267540,471026.14999999997
Oceania,,2000,206554940,563913850,775214100,44854740,619062.94
Oceania,,2001,211410350,576626730,740283040,42586680,632520.8300000001
Oceania,,2002,213590330,594873970,754797890,40226870,659436.61
Oceania,,2003,219623810,601560710,762247990,38964390,645978.72
Oceania,,2004,217131880,648911050,749509420,38292780,726726.0599999999
Oceania,,2005,212977440,630329840,751671050,39665360,807473.4
Oceania,,2006,238454580,640598500,722043140,40087410,834389.1799999999
Oceania,,2007,259769940.00000003,656996060,714787550,39059810,888220.74
Oceania,,2008,265583219.99999997,650452450,687846080,36777070,928594.41
Oceania,,2009,260676429.99999997,608320850,640554460,32666670.000000004,861304.96
Oceania,,2010,271246030,639673660,646932920,30560090,888220.74
Oceania,,2011,306129380,607443720,667763840,30626150,861304.96
Oceania,,2012,314955730,617833490,686979960,32332700.000000004,874762.85
Oceania,,2013,321172710,647582510,667011490,33558480,915136.52
World,OWID_WRL,1751,0,11001000,0,0,0
World,OWID_WRL,1752,0,11001000,0,0,0
World,OWID_WRL,1753,0,11001000,0,0,0
World,OWID_WRL,1754,0,11001000,0,0,0
World,OWID_WRL,1755,0,11001000,0,0,0
World,OWID_WRL,1756,0,11001000,0,0,0
World,OWID_WRL,1757,0,11001000,0,0,0
World,OWID_WRL,1758,0,11001000,0,0,0
World,OWID_WRL,1759,0,11001000,0,0,0
World,OWID_WRL,1760,0,11001000,0,0,0
World,OWID_WRL,1761,0,11001000,0,0,0
World,OWID_WRL,1762,0,11001000,0,0,0
World,OWID_WRL,1763,0,11001000,0,0,0
World,OWID_WRL,1764,0,11001000,0,0,0
World,OWID_WRL,1765,0,11001000,0,0,0
World,OWID_WRL,1766,0,11001000,0,0,0
World,OWID_WRL,1767,0,11001000,0,0,0
World,OWID_WRL,1768,0,11001000,0,0,0
World,OWID_WRL,1769,0,11001000,0,0,0
World,OWID_WRL,1770,0,11001000,0,0,0
World,OWID_WRL,1771,0,14668000,0,0,0
World,OWID_WRL,1772,0,14668000,0,0,0
World,OWID_WRL,1773,0,14668000,0,0,0
World,OWID_WRL,1774,0,14668000,0,0,0
World,OWID_WRL,1775,0,14668000,0,0,0
World,OWID_WRL,1776,0,14668000,0,0,0
World,OWID_WRL,1777,0,14668000,0,0,0
World,OWID_WRL,1778,0,14668000,0,0,0
World,OWID_WRL,1779,0,14668000,0,0,0
World,OWID_WRL,1780,0,14668000,0,0,0
World,OWID_WRL,1781,0,18335000,0,0,0
World,OWID_WRL,1782,0,18335000,0,0,0
World,OWID_WRL,1783,0,18335000,0,0,0
World,OWID_WRL,1784,0,18335000,0,0,0
World,OWID_WRL,1785,0,18335000,0,0,0
World,OWID_WRL,1786,0,18335000,0,0,0
World,OWID_WRL,1787,0,18335000,0,0,0
World,OWID_WRL,1788,0,18335000,0,0,0
World,OWID_WRL,1789,0,18335000,0,0,0
World,OWID_WRL,1790,0,18335000,0,0,0
World,OWID_WRL,1791,0,22002000,0,0,0
World,OWID_WRL,1792,0,22002000,0,0,0
World,OWID_WRL,1793,0,22002000,0,0,0
World,OWID_WRL,1794,0,22002000,0,0,0
World,OWID_WRL,1795,0,22002000,0,0,0
World,OWID_WRL,1796,0,22002000,0,0,0
World,OWID_WRL,1797,0,25669000,0,0,0
World,OWID_WRL,1798,0,25669000,0,0,0
World,OWID_WRL,1799,0,25669000,0,0,0
World,OWID_WRL,1800,0,29336000,0,0,0
World,OWID_WRL,1801,0,29336000,0,0,0
World,OWID_WRL,1802,0,36670000,0,0,0
World,OWID_WRL,1803,0,33003000,0,0,0
World,OWID_WRL,1804,0,33003000,0,0,0
World,OWID_WRL,1805,0,33003000,0,0,0
World,OWID_WRL,1806,0,36670000,0,0,0
World,OWID_WRL,1807,0,36670000,0,0,0
World,OWID_WRL,1808,0,36670000,0,0,0
World,OWID_WRL,1809,0,36670000,0,0,0
World,OWID_WRL,1810,0,36670000,0,0,0
World,OWID_WRL,1811,0,40337000,0,0,0
World,OWID_WRL,1812,0,40337000,0,0,0
World,OWID_WRL,1813,0,40337000,0,0,0
World,OWID_WRL,1814,0,40337000,0,0,0
World,OWID_WRL,1815,0,44004000,0,0,0
World,OWID_WRL,1816,0,47671000,0,0,0
World,OWID_WRL,1817,0,51338000,0,0,0
World,OWID_WRL,1818,0,51338000,0,0,0
World,OWID_WRL,1819,0,51338000,0,0,0
World,OWID_WRL,1820,0,51338000,0,0,0
World,OWID_WRL,1821,0,51338000,0,0,0
World,OWID_WRL,1822,0,55005000,0,0,0
World,OWID_WRL,1823,0,58672000,0,0,0
World,OWID_WRL,1824,0,58672000,0,0,0
World,OWID_WRL,1825,0,62339000,0,0,0
World,OWID_WRL,1826,0,62339000,0,0,0
World,OWID_WRL,1827,0,66006000,0,0,0
World,OWID_WRL,1828,0,66006000,0,0,0
World,OWID_WRL,1829,0,66006000,0,0,0
World,OWID_WRL,1830,0,88008000,0,0,0
World,OWID_WRL,1831,0,84341000,0,0,0
World,OWID_WRL,1832,0,84341000,0,0,0
World,OWID_WRL,1833,0,88008000,0,0,0
World,OWID_WRL,1834,0,88008000,0,0,0
World,OWID_WRL,1835,0,91675000,0,0,0
World,OWID_WRL,1836,0,106343000,0,0,0
World,OWID_WRL,1837,0,106343000,0,0,0
World,OWID_WRL,1838,0,110010000,0,0,0
World,OWID_WRL,1839,0,113677000,0,0,0
World,OWID_WRL,1840,0,121011000,0,0,0
World,OWID_WRL,1841,0,124678000,0,0,0
World,OWID_WRL,1842,0,132012000,0,0,0
World,OWID_WRL,1843,0,135679000,0,0,0
World,OWID_WRL,1844,0,143013000,0,0,0
World,OWID_WRL,1845,0,157681000,0,0,0
World,OWID_WRL,1846,0,157681000,0,0,0
World,OWID_WRL,1847,0,168682000,0,0,0
World,OWID_WRL,1848,0,172349000,0,0,0
World,OWID_WRL,1849,0,183350000,0,0,0
World,OWID_WRL,1850,0,198018000,0,0,0
World,OWID_WRL,1851,0,198018000,0,0,0
World,OWID_WRL,1852,0,209019000,0,0,0
World,OWID_WRL,1853,0,216353000,0,0,0
World,OWID_WRL,1854,0,253023000,0,0,0
World,OWID_WRL,1855,0,260357000.00000003,0,0,0
World,OWID_WRL,1856,0,278692000,0,0,0
World,OWID_WRL,1857,0,282359000,0,0,0
World,OWID_WRL,1858,0,286026000,0,0,0
World,OWID_WRL,1859,0,304361000,0,0,0
World,OWID_WRL,1860,0,333697000,0,0,0
World,OWID_WRL,1861,0,348365000,0,0,0
World,OWID_WRL,1862,0,352032000,0,0,0
World,OWID_WRL,1863,0,377701000,0,0,0
World,OWID_WRL,1864,0,410704000,0,0,0
World,OWID_WRL,1865,0,436373000,0,0,0
World,OWID_WRL,1866,0,447374000,0,0,0
World,OWID_WRL,1867,0,476710000,0,0,0
World,OWID_WRL,1868,0,491378000,0,0,0
World,OWID_WRL,1869,0,520714000.00000006,0,0,0
World,OWID_WRL,1870,0,535381999.99999994,3667000,0,0
World,OWID_WRL,1871,0,572052000,3667000,0,0
World,OWID_WRL,1872,0,634391000,3667000,0,0
World,OWID_WRL,1873,0,671061000,3667000,0,0
World,OWID_WRL,1874,0,634391000,3667000,0,0
World,OWID_WRL,1875,0,685729000,3667000,0,0
World,OWID_WRL,1876,0,696730000,3667000,0,0
World,OWID_WRL,1877,0,704064000,7334000,0,0
World,OWID_WRL,1878,0,711398000,7334000,0,0
World,OWID_WRL,1879,0,759069000,11001000,0,0
World,OWID_WRL,1880,0,854411000,11001000,0,0
World,OWID_WRL,1881,0,876413000,14668000,0,0
World,OWID_WRL,1882,0,924084000,14668000,0,0
World,OWID_WRL,1883,0,986423000,11001000,0,0
World,OWID_WRL,1884,0,993757000,14668000,0,0
World,OWID_WRL,1885,3667000,1001091000,14668000,0,0
World,OWID_WRL,1886,7334000,1008425000,18335000,0,0
World,OWID_WRL,1887,11001000,1052429000.0000001,18335000,0,0
World,OWID_WRL,1888,18335000,1162439000,18335000,0,0
World,OWID_WRL,1889,11001000,1166106000,22002000,0,0
World,OWID_WRL,1890,11001000,1265115000,29336000,0,0
World,OWID_WRL,1891,7334000,1320120000,33003000,0,0
World,OWID_WRL,1892,7334000,1331121000,33003000,0,0
World,OWID_WRL,1893,7334000,1312786000,36670000,0,0
World,OWID_WRL,1894,7334000,1364124000,33003000,0,0
World,OWID_WRL,1895,7334000,1441131000,40337000,0,0
World,OWID_WRL,1896,7334000,1485135000,44004000,0,0
World,OWID_WRL,1897,7334000,1558475000,47671000,0,0
World,OWID_WRL,1898,7334000,1646483000,47671000,0,0
World,OWID_WRL,1899,11001000,1800497000,51338000,0,0
World,OWID_WRL,1900,11001000,1888505000,58672000,0,0
World,OWID_WRL,1901,14668000,1947177000,66006000,0,0
World,OWID_WRL,1902,14668000,1991181000,69673000,0,0
World,OWID_WRL,1903,14668000,2174531000,73340000,0,0
World,OWID_WRL,1904,14668000,2189199000,84341000,0,0
World,OWID_WRL,1905,18335000,2332212000,84341000,0,0
World,OWID_WRL,1906,18335000,2493560000,84341000,0,0
World,OWID_WRL,1907,18335000,2750250000,102676000,0,0
World,OWID_WRL,1908,18335000,2618238000,110010000,0,0
World,OWID_WRL,1909,22002000,2739249000,117344000,0,0
World,OWID_WRL,1910,25669000,2852926000,124678000,0,0
World,OWID_WRL,1911,25669000,2904264000,132012000,0,0
World,OWID_WRL,1912,29336000,3058278000,135679000,0,0
World,OWID_WRL,1913,29336000,3281965000,150347000,0,0
World,OWID_WRL,1914,29336000,2933600000,154014000,0,0
World,OWID_WRL,1915,33003000,2874928000,165015000,0,0
World,OWID_WRL,1916,36670000,3087614000,176016000,0,0
World,OWID_WRL,1917,40337000,3267297000,198018000,0,0
World,OWID_WRL,1918,36670000,3201291000,194351000,0,0
World,OWID_WRL,1919,36670000,2695245000,223687000,0,0
World,OWID_WRL,1920,40337000,3091281000,286026000,0,0
World,OWID_WRL,1921,36670000,2599903000,308028000,0,0
World,OWID_WRL,1922,40337000,2713580000,344698000,0,0
World,OWID_WRL,1923,51338000,3098615000,407037000,0,0
World,OWID_WRL,1924,58672000,3065612000,403370000,0,0
World,OWID_WRL,1925,62339000,3087614000,425372000,0,0
World,OWID_WRL,1926,69673000,3102282000,436373000,0,0
World,OWID_WRL,1927,77007000,3318635000,498712000,0,0
World,OWID_WRL,1928,84341000,3263630000,524381000,36670000,0
World,OWID_WRL,1929,102676000,3472649000,586720000,36670000,0
World,OWID_WRL,1930,102676000,3160954000,557384000,36670000,0
World,OWID_WRL,1931,91675000,2783253000,539049000,29336000,0
World,OWID_WRL,1932,88008000,2475225000,517047000,25669000,0
World,OWID_WRL,1933,91675000,2596236000,564718000,25669000,0
World,OWID_WRL,1934,102676000,2841925000,594054000,29336000,0
World,OWID_WRL,1935,110010000,2973937000,645392000,33003000,0
World,OWID_WRL,1936,124678000,3274631000,704064000,40337000,0
World,OWID_WRL,1937,139346000,3450647000,803073000,40337000,0
World,OWID_WRL,1938,135679000,3226960000,784738000,44004000,0
World,OWID_WRL,1939,139346000,3366306000,814074000,47671000,0
World,OWID_WRL,1940,154014000,3729339000,839743000,40337000,0
World,OWID_WRL,1941,154014000,3824681000,865412000,44004000,0
World,OWID_WRL,1942,165015000,3898021000,814074000,40337000,0
World,OWID_WRL,1943,183350000,4004364000,876413000,36670000,0
World,OWID_WRL,1944,198018000,3839349000,1008425000,25669000,0
World,OWID_WRL,1945,216353000,3006940000,1008425000,25669000,0
World,OWID_WRL,1946,223687000,3208625000,1070763999.9999999,36670000,0
World,OWID_WRL,1947,245689000,3637664000,1180774000,44004000,0
World,OWID_WRL,1948,278692000,3722005000,1334788000,51338000,0
World,OWID_WRL,1949,297027000,3520320000,1327454000,58672000,0
World,OWID_WRL,1950,355699000,3923690000,1551141000,66006000,84341000
World,OWID_WRL,1951,421705000,4140042999.9999995,1756493000,73340000,88008000
World,OWID_WRL,1952,454708000,4103372999.9999995,1848168000,80674000,95342000
World,OWID_WRL,1953,480377000,4125375000,1954511000,88008000,99009000
World,OWID_WRL,1954,506046000,4092372000,2042519000,99009000,99009000
World,OWID_WRL,1955,550050000,4429736000,2291875000,110010000,113677000
World,OWID_WRL,1956,590387000,4668091000,2489893000,117344000,117344000
World,OWID_WRL,1957,652726000,4800103000,2618238000,124678000,128345000
World,OWID_WRL,1958,704064000,4899112000,2680577000,132012000,128345000
World,OWID_WRL,1959,755402000,5067794000,2893263000,146680000,132012000
World,OWID_WRL,1960,832409000,5170470000,3113283000,157681000,143013000
World,OWID_WRL,1961,880080000,4946783000,3314968000,165015000,154014000
World,OWID_WRL,1962,964421000,4954117000,3593660000,179683000,161348000
World,OWID_WRL,1963,1048762000,5119132000,3857684000,187017000,172349000
World,OWID_WRL,1964,1158772000,5262145000,4169379000,209019000,187017000
World,OWID_WRL,1965,1235779000,5353820000,4470073000,216353000,201685000
World,OWID_WRL,1966,1334788000,5419826000,4851441000,231021000,220020000
World,OWID_WRL,1967,1437464000,5309816000,5218141000,238355000,242022000
World,OWID_WRL,1968,1554808000,5309816000,5687517000,256690000,267690999.99999997
World,OWID_WRL,1969,1712489000,5449162000,6134891000,271358000,293360000
World,OWID_WRL,1970,1807831000,5705852000,6743613000,286026000,319029000
World,OWID_WRL,1971,1943510000,5716853000,7139649000,308028000,322696000
World,OWID_WRL,1972,2053520000,5779192000,7543019000,326363000,348365000
World,OWID_WRL,1973,2156196000,5797527000,8217746999.999999,348365000,403370000
World,OWID_WRL,1974,2189199000,5790193000,8232415000.000001,352032000,392369000
World,OWID_WRL,1975,2214868000,6134891000,7818044000,348365000,337364000
World,OWID_WRL,1976,2310210000,6270570000,8485438000,377701000,396036000
World,OWID_WRL,1977,2383550000,6439252000,8793466000,396036000,381368000
World,OWID_WRL,1978,2493560000,6527260000,8771464000,425372000,388702000
World,OWID_WRL,1979,2643907000,6875625000,9328848000,436373000,359366000
World,OWID_WRL,1980,2702579000,7095645000,8881474000,440040000,315362000
World,OWID_WRL,1981,2768585000,6996636000,8393763000.000001,443707000,238355000
World,OWID_WRL,1982,2706246000,7245992000,8052732000,443707000,234688000
World,OWID_WRL,1983,2709913000,7249659000,7979392000,458375000,212686000
World,OWID_WRL,1984,2959269000,7605358000,8063733000,469376000,187017000
World,OWID_WRL,1985,3061945000,8126072000,8016062000,480377000,179683000
World,OWID_WRL,1986,3043610000,8349759000,8408431000.000001,502379000,168682000
World,OWID_WRL,1987,3270964000,8577112999.999999,8456102000.000001,524381000,161348000
World,OWID_WRL,1988,3428645000,8753129000,8844804000,557384000,183350000
World,OWID_WRL,1989,3600994000,8903476000,9017153000,572052000,150347000
World,OWID_WRL,1990,3755008000,8742128000,9130830000,575719000,146680000
World,OWID_WRL,1991,3850350000,8478103999.999999,9545201000,590387000,165015000
World,OWID_WRL,1992,3975028000,8518441000.000001,9167500000,612389000,132012000
World,OWID_WRL,1993,4096038999.9999995,8294754000.000001,9215171000,645392000,135679000
World,OWID_WRL,1994,4154711000.0000005,8489105000,9295845000,682062000,143013000
World,OWID_WRL,1995,4224384000,8793466000,9383853000,722399000,143013000
World,OWID_WRL,1996,4400400000,8881474000,9629542000,744401000,146680000
World,OWID_WRL,1997,4382065000,8965815000,9897233000,766403000,146680000
World,OWID_WRL,1998,4492075000,8591781000,10113586000,766403000,132012000
World,OWID_WRL,1999,4613086000,8467102999.999999,10047580000,795739000,128345000
World,OWID_WRL,2000,4712095000,8533109000,10425281000,828742000,168682000
World,OWID_WRL,2001,4811104000,8965815000,10432615000,869079000,172349000
World,OWID_WRL,2002,4932115000,9050156000,10381277000,924084000,179683000
World,OWID_WRL,2003,5097130000,9878898000,10850653000,1012092000,176016000
World,OWID_WRL,2004,5262145000,10648968000,11162348000,1092766000,198018000
World,OWID_WRL,2005,5416159000,11360366000,11254023000,1173440000,220020000
World,OWID_WRL,2006,5610510000,11980089000,11338364000,1305452000,227354000
World,OWID_WRL,2007,5724187000,12401794000,11360366000,1400794000,242022000
World,OWID_WRL,2008,5962542000,12944510000,11459375000,1422796000,253023000
World,OWID_WRL,2009,5793860000,12896839000,11239355000,1521805000,234688000
World,OWID_WRL,2010,6233900000,13916265000,11474043000,1642816000,242022000
World,OWID_WRL,2011,6461254000,14767009000,11580386000,1818832000,234688000
World,OWID_WRL,2012,6552929000,14983362000,11785738000,1906840000,238355000
World,OWID_WRL,2013,6622602000,15148377000,11793072000,2031518000,249356000